#{"t_start": 1775181731.586944, "env_id": "None"}
r,l,t,success,task_phase
-97.284025,131,0.482679,False,TAKEOFF_ROLL
-146.316411,259,0.513396,False,TAKEOFF_ROLL
-45.338228,66,0.521444,False,TAKEOFF_ROLL
-233.772923,391,0.567572,False,TAKEOFF_ROLL
-170.881082,247,0.596012,False,TAKEOFF_ROLL
-73.720686,89,0.606399,False,TAKEOFF_ROLL
-65.023947,91,0.616959,False,TAKEOFF_ROLL
-210.488347,302,0.652103,False,TAKEOFF_ROLL
-161.307184,235,0.680147,False,TAKEOFF_ROLL
-116.544138,176,0.701057,False,TAKEOFF_ROLL
-33.090685,46,0.706583,False,TAKEOFF_ROLL
-185.32718,295,1.011719,False,TAKEOFF_ROLL
-68.214067,155,1.037325,False,TAKEOFF_ROLL
-104.323012,189,1.064476,False,TAKEOFF_ROLL
-117.560397,233,1.09388,False,TAKEOFF_ROLL
-39.188086,53,1.100318,False,TAKEOFF_ROLL
-93.106737,140,1.117551,False,TAKEOFF_ROLL
-66.295474,143,1.135763,False,TAKEOFF_ROLL
-148.643339,211,1.161895,False,TAKEOFF_ROLL
-62.705873,107,1.174172,False,TAKEOFF_ROLL
-61.762836,112,1.187524,False,TAKEOFF_ROLL
-87.603279,214,1.213923,False,TAKEOFF_ROLL
-95.388188,121,1.228692,False,TAKEOFF_ROLL
-58.97043,74,1.237611,False,TAKEOFF_ROLL
-38.130712,63,1.483577,False,TAKEOFF_ROLL
-91.943913,209,1.509368,False,TAKEOFF_ROLL
-58.27069,161,1.529461,False,TAKEOFF_ROLL
-58.492348,113,1.544693,False,ROTATE
-95.115084,178,1.56637,False,TAKEOFF_ROLL
-86.57497,125,1.58176,False,TAKEOFF_ROLL
-56.115424,82,1.601027,False,TAKEOFF_ROLL
-54.332054,118,1.619031,False,TAKEOFF_ROLL
-45.245792,59,1.645945,False,TAKEOFF_ROLL
-227.507975,400,1.694238,False,TAKEOFF_ROLL
-77.218857,135,1.712323,False,TAKEOFF_ROLL
-47.041786,162,1.732825,False,TAKEOFF_ROLL
-57.907822,103,1.745769,False,TAKEOFF_ROLL
-47.188376,109,1.75871,False,TAKEOFF_ROLL
-60.639352,290,2.027032,False,TAKEOFF_ROLL
-36.716572,127,2.042307,False,TAKEOFF_ROLL
-48.236144,81,2.05171,False,TAKEOFF_ROLL
-61.634141,104,2.063917,False,TAKEOFF_ROLL
-133.653248,369,2.10741,False,TAKEOFF_ROLL
-48.427016,77,2.11713,False,TAKEOFF_ROLL
-44.36333,55,2.126154,False,TAKEOFF_ROLL
-58.401858,81,2.135695,False,TAKEOFF_ROLL
-58.269666,150,2.154181,False,TAKEOFF_ROLL
-38.468409,85,2.164391,False,TAKEOFF_ROLL
-44.348594,178,2.18527,False,TAKEOFF_ROLL
-79.641412,183,2.206417,False,TAKEOFF_ROLL
-38.027204,54,2.21327,False,TAKEOFF_ROLL
-96.623048,273,2.472883,False,TAKEOFF_ROLL
-37.124447,158,2.492092,False,INITIAL_CLIMB
-45.00457,110,2.505552,False,TAKEOFF_ROLL
-50.247176,154,2.524038,False,TAKEOFF_ROLL
-45.525337,290,2.573037,False,TAKEOFF_ROLL
-37.772489,148,2.591168,False,TAKEOFF_ROLL
-38.094692,280,2.623473,False,TAKEOFF_ROLL
-43.792217,106,2.636218,False,TAKEOFF_ROLL
-46.272669,90,2.646803,False,TAKEOFF_ROLL
-39.932343,89,2.656958,False,TAKEOFF_ROLL
-35.892792,96,2.668356,False,TAKEOFF_ROLL
-45.593808,160,2.686802,False,TAKEOFF_ROLL
-21.837465,136,2.702143,False,INITIAL_CLIMB
-38.117526,120,2.716171,False,TAKEOFF_ROLL
-60.547724,141,2.958072,False,ROTATE
-66.534317,99,2.970218,False,TAKEOFF_ROLL
-44.504024,63,2.978479,False,TAKEOFF_ROLL
-43.408349,126,3.006799,False,TAKEOFF_ROLL
-65.838227,176,3.02738,False,TAKEOFF_ROLL
-53.761832,72,3.035768,False,TAKEOFF_ROLL
-51.083455,125,3.050185,False,INITIAL_CLIMB
-33.334541,198,3.073067,False,TAKEOFF_ROLL
-46.379512,104,3.085019,False,TAKEOFF_ROLL
-50.333652,195,3.10798,False,TAKEOFF_ROLL
-100.441917,392,3.154798,False,TAKEOFF_ROLL
-38.363882,162,3.177618,False,TAKEOFF_ROLL
-57.897863,93,3.188378,False,TAKEOFF_ROLL
-45.087361,190,3.210184,False,TAKEOFF_ROLL
-41.647534,80,3.43947,False,TAKEOFF_ROLL
-45.573911,137,3.455835,False,TAKEOFF_ROLL
-33.294341,123,3.469901,False,TAKEOFF_ROLL
-50.660734,224,3.51909,False,TAKEOFF_ROLL
-35.842093,61,3.526782,False,ROTATE
-29.39882,93,3.537717,False,TAKEOFF_ROLL
-37.196053,158,3.556012,False,TAKEOFF_ROLL
-33.182006,82,3.565788,False,TAKEOFF_ROLL
-48.159826,107,3.57849,False,TAKEOFF_ROLL
-30.157328,78,3.597784,False,TAKEOFF_ROLL
-34.235778,177,3.619452,False,INITIAL_CLIMB
-68.122337,192,3.641854,False,ROTATE
-65.547007,197,3.664109,False,INITIAL_CLIMB
-46.687528,117,3.677545,False,TAKEOFF_ROLL
-54.920088,167,3.697234,False,ROTATE
-44.406284,158,3.945541,False,ROTATE
-25.899474,69,3.953916,False,TAKEOFF_ROLL
-34.958026,68,3.962008,False,ROTATE
-35.641668,197,3.985317,False,ROTATE
-33.503508,192,4.007814,False,TAKEOFF_ROLL
-30.304749,111,4.031783,False,TAKEOFF_ROLL
-3.633643,214,4.060062,False,INITIAL_CLIMB
-35.866363,163,4.07949,False,TAKEOFF_ROLL
-18.352643,89,4.089815,False,TAKEOFF_ROLL
-55.515396,218,4.115669,False,INITIAL_CLIMB
-51.012321,75,4.124542,False,TAKEOFF_ROLL
-31.207472,195,4.147005,False,TAKEOFF_ROLL
-31.126143,78,4.156039,False,TAKEOFF_ROLL
-30.715741,105,4.168293,False,TAKEOFF_ROLL
-32.201765,168,4.18792,False,INITIAL_CLIMB
-21.8752,87,4.415533,False,TAKEOFF_ROLL
-30.079658,72,4.424256,False,TAKEOFF_ROLL
-25.151985,185,4.446493,False,INITIAL_CLIMB
-17.184581,72,4.454972,False,TAKEOFF_ROLL
-37.55173,171,4.474977,False,ROTATE
-25.496354,132,4.490642,False,INITIAL_CLIMB
-23.174045,110,4.503718,False,INITIAL_CLIMB
-15.632977,151,4.521368,False,INITIAL_CLIMB
-40.947924,156,4.539861,False,TAKEOFF_ROLL
-27.312927,58,4.54677,False,TAKEOFF_ROLL
-33.321406,193,4.568617,False,TAKEOFF_ROLL
-27.836535,53,4.57489,False,TAKEOFF_ROLL
-32.253696,171,4.594431,False,ROTATE
-30.41313,158,4.613102,False,INITIAL_CLIMB
-20.747178,115,4.626129,False,TAKEOFF_ROLL
-20.214024,88,4.636133,False,TAKEOFF_ROLL
-29.540661,66,4.643752,False,ROTATE
-26.904027,58,4.867748,False,TAKEOFF_ROLL
-21.296239,74,4.876608,False,INITIAL_CLIMB
-25.291771,161,4.895685,False,TAKEOFF_ROLL
-17.064612,72,4.904256,False,ROTATE
-35.337083,96,4.91538,False,TAKEOFF_ROLL
-29.783591,161,4.934142,False,INITIAL_CLIMB
-32.24463,293,4.96728,False,INITIAL_CLIMB
-21.917862,45,4.972444,False,TAKEOFF_ROLL
-17.422402,126,4.987291,False,INITIAL_CLIMB
-37.773188,103,4.999554,False,TAKEOFF_ROLL
-18.936333,100,5.011162,False,INITIAL_CLIMB
-29.594461,234,5.038168,False,INITIAL_CLIMB
-26.266839,138,5.054505,False,TAKEOFF_ROLL
-27.925649,142,5.070993,False,ROTATE
-21.532,66,5.078784,False,TAKEOFF_ROLL
-25.383362,133,5.093879,False,ROTATE
1.249798,136,5.327884,False,INITIAL_CLIMB
-19.499648,62,5.335077,False,INITIAL_CLIMB
-14.279462,78,5.344053,False,TAKEOFF_ROLL
-10.970739,138,5.359852,False,ROTATE
-15.977584,95,5.370781,False,TAKEOFF_ROLL
-3.847333,228,5.396397,False,INITIAL_CLIMB
-6.494751,76,5.405109,False,INITIAL_CLIMB
-16.824647,95,5.416526,False,TAKEOFF_ROLL
-19.527596,81,5.42635,False,TAKEOFF_ROLL
-18.838266,93,5.437432,False,TAKEOFF_ROLL
-23.931705,89,5.448182,False,TAKEOFF_ROLL
-19.125789,75,5.457024,False,TAKEOFF_ROLL
-18.144398,87,5.467198,False,TAKEOFF_ROLL
-14.168771,68,5.475324,False,TAKEOFF_ROLL
-11.878302,76,5.484316,False,INITIAL_CLIMB
-30.301827,74,5.493222,False,TAKEOFF_ROLL
-18.225668,110,5.506094,False,TAKEOFF_ROLL
-24.002845,69,5.514284,False,TAKEOFF_ROLL
-29.168512,73,5.522854,False,TAKEOFF_ROLL
-11.469933,195,5.545818,False,TAKEOFF_ROLL
0.423149,143,5.782355,False,INITIAL_CLIMB
-23.00766,124,5.797127,False,TAKEOFF_ROLL
-11.967777,53,5.803506,False,TAKEOFF_ROLL
-9.909294,144,5.820597,False,ROTATE
-13.739393,89,5.831124,False,TAKEOFF_ROLL
-20.494133,141,5.847512,False,TAKEOFF_ROLL
-24.409746,154,5.865351,False,ROTATE
-9.974849,81,5.874545,False,INITIAL_CLIMB
-10.686369,74,5.883282,False,TAKEOFF_ROLL
-12.446025,89,5.893961,False,ROTATE
-8.595512,186,5.915369,False,INITIAL_CLIMB
-13.662539,51,5.921366,False,INITIAL_CLIMB
-21.052386,150,5.938249,False,TAKEOFF_ROLL
-16.828089,69,5.946353,False,INITIAL_CLIMB
-14.494154,86,5.956268,False,INITIAL_CLIMB
-20.184497,75,5.965008,False,TAKEOFF_ROLL
-18.865585,156,5.982803,False,TAKEOFF_ROLL
0.898327,103,5.994654,False,INITIAL_CLIMB
22.67102,150,6.012276,False,INITIAL_CLIMB
-9.337003,70,6.239413,False,TAKEOFF_ROLL
-1.549527,259,6.270721,False,INITIAL_CLIMB
-5.562565,71,6.279413,False,INITIAL_CLIMB
-11.908983,134,6.29496,False,INITIAL_CLIMB
0.874167,105,6.30811,False,INITIAL_CLIMB
-8.552239,149,6.326791,False,INITIAL_CLIMB
-8.263688,82,6.336063,False,INITIAL_CLIMB
-9.174827,147,6.352881,False,ROTATE
-10.668577,199,6.37535,False,INITIAL_CLIMB
-5.725754,136,6.390783,False,INITIAL_CLIMB
-12.113485,99,6.402239,False,TAKEOFF_ROLL
-3.351529,122,6.416381,False,INITIAL_CLIMB
-10.452662,34,6.420419,False,TAKEOFF_ROLL
-7.021416,184,6.442379,False,INITIAL_CLIMB
-12.47979,35,6.446437,False,TAKEOFF_ROLL
9.443614,181,6.467162,False,INITIAL_CLIMB
-6.512435,146,6.703059,False,ROTATE
-19.306836,48,6.70888,False,TAKEOFF_ROLL
-11.388025,62,6.716077,False,ROTATE
-13.488745,77,6.72526,False,TAKEOFF_ROLL
1.615419,76,6.734112,False,INITIAL_CLIMB
-14.87144,78,6.743354,False,TAKEOFF_ROLL
-9.954954,58,6.749967,False,TAKEOFF_ROLL
-6.113674,183,6.771746,False,INITIAL_CLIMB
-7.40463,93,6.782792,False,TAKEOFF_ROLL
-1.486188,163,6.801304,False,INITIAL_CLIMB
-5.908652,55,6.807647,False,INITIAL_CLIMB
-5.914812,63,6.815222,False,INITIAL_CLIMB
2.398553,109,6.828278,False,INITIAL_CLIMB
-4.88008,89,6.838425,False,INITIAL_CLIMB
-16.824931,81,6.84799,False,TAKEOFF_ROLL
-7.605061,141,6.864323,False,ROTATE
-15.344441,85,6.873963,False,TAKEOFF_ROLL
-7.261177,87,6.883683,False,INITIAL_CLIMB
-6.879425,111,6.896454,False,INITIAL_CLIMB
-5.93443,85,6.906184,False,TAKEOFF_ROLL
-15.904022,75,6.91507,False,INITIAL_CLIMB
-10.39211,128,6.929898,False,TAKEOFF_ROLL
-4.548581,57,7.157356,False,INITIAL_CLIMB
-13.197713,61,7.164634,False,INITIAL_CLIMB
-5.173754,151,7.182007,False,TAKEOFF_ROLL
-2.797836,82,7.191723,False,TAKEOFF_ROLL
6.649232,123,7.206199,False,INITIAL_CLIMB
-5.258585,77,7.21528,False,INITIAL_CLIMB
-11.806379,68,7.22332,False,TAKEOFF_ROLL
1.971753,137,7.238916,False,ROTATE
-9.118388,62,7.246213,False,TAKEOFF_ROLL
5.535879,87,7.255992,False,INITIAL_CLIMB
5.69679,127,7.270416,False,INITIAL_CLIMB
-4.878837,92,7.281298,False,ROTATE
-7.705381,110,7.294162,False,TAKEOFF_ROLL
-8.29392,159,7.31245,False,TAKEOFF_ROLL
-8.981304,81,7.322006,False,TAKEOFF_ROLL
-3.920673,87,7.332332,False,INITIAL_CLIMB
-9.170476,73,7.340917,False,TAKEOFF_ROLL
-12.082112,82,7.350252,False,INITIAL_CLIMB
-14.905908,97,7.361385,False,TAKEOFF_ROLL
-7.467599,109,7.373566,False,INITIAL_CLIMB
6.729051,149,7.390955,False,INITIAL_CLIMB
-10.916093,68,7.617465,False,TAKEOFF_ROLL
-22.455763,53,7.623872,False,TAKEOFF_ROLL
-14.974589,96,7.63503,False,TAKEOFF_ROLL
0.074849,113,7.648266,False,TAKEOFF_ROLL
-7.262458,116,7.66213,False,TAKEOFF_ROLL
-7.406685,85,7.672338,False,INITIAL_CLIMB
-3.989021,97,7.683822,False,INITIAL_CLIMB
10.307311,143,7.70045,False,INITIAL_CLIMB
-5.839915,152,7.717748,False,TAKEOFF_ROLL
2.594107,121,7.731624,False,INITIAL_CLIMB
8.363665,109,7.744319,False,INITIAL_CLIMB
4.727856,163,7.763141,False,INITIAL_CLIMB
23.777811,165,7.782182,False,INITIAL_CLIMB
-8.553332,94,7.793027,False,TAKEOFF_ROLL
11.01514,180,7.813767,False,INITIAL_CLIMB
-7.812553,98,7.825343,False,INITIAL_CLIMB
3.139224,100,7.837227,False,INITIAL_CLIMB
-11.666404,52,7.843569,False,TAKEOFF_ROLL
-9.14222,64,7.851176,False,TAKEOFF_ROLL
0.063612,85,8.079691,False,INITIAL_CLIMB
-6.416832,52,8.085714,False,INITIAL_CLIMB
-4.450867,124,8.100124,False,TAKEOFF_ROLL
-0.160635,166,8.119021,False,INITIAL_CLIMB
7.705733,141,8.134858,False,INITIAL_CLIMB
-10.706255,164,8.153551,False,INITIAL_CLIMB
1.066719,67,8.161433,False,INITIAL_CLIMB
-7.151725,60,8.168259,False,INITIAL_CLIMB
18.211317,155,8.186524,False,INITIAL_CLIMB
1.195551,87,8.197066,False,TAKEOFF_ROLL
-3.043327,76,8.20611,False,TAKEOFF_ROLL
12.103355,137,8.221737,False,INITIAL_CLIMB
-10.927186,75,8.230554,False,TAKEOFF_ROLL
16.683952,173,8.250574,False,INITIAL_CLIMB
-10.728287,86,8.260781,False,TAKEOFF_ROLL
-10.828813,62,8.267855,False,INITIAL_CLIMB
11.780173,170,8.287212,False,INITIAL_CLIMB
-15.219416,67,8.29517,False,TAKEOFF_ROLL
2.375472,99,8.306821,False,INITIAL_CLIMB
18.465872,180,8.546738,False,INITIAL_CLIMB
-7.122086,62,8.554115,False,TAKEOFF_ROLL
42.37248,223,8.58014,False,INITIAL_CLIMB
-2.727461,74,8.589016,False,TAKEOFF_ROLL
14.384561,165,8.608895,False,INITIAL_CLIMB
-0.80725,102,8.620772,False,TAKEOFF_ROLL
25.796006,194,8.642999,False,INITIAL_CLIMB
-4.024605,90,8.653539,False,TAKEOFF_ROLL
-3.949259,156,8.67164,False,INITIAL_CLIMB
12.907003,108,8.684594,False,INITIAL_CLIMB
-8.572394,61,8.692177,False,TAKEOFF_ROLL
9.747134,152,8.709879,False,INITIAL_CLIMB
3.50139,137,8.725997,False,ROTATE
-8.124268,82,8.735377,False,TAKEOFF_ROLL
10.475644,196,8.757762,False,INITIAL_CLIMB
-10.138025,91,8.988248,False,ROTATE
14.646362,118,9.002811,False,INITIAL_CLIMB
0.491122,99,9.014558,False,TAKEOFF_ROLL
-6.123702,105,9.02678,False,TAKEOFF_ROLL
10.388495,96,9.038233,False,INITIAL_CLIMB
8.079534,76,9.047264,False,INITIAL_CLIMB
29.245913,191,9.06904,False,INITIAL_CLIMB
10.989974,108,9.08165,False,INITIAL_CLIMB
19.234109,131,9.097147,False,INITIAL_CLIMB
0.013607,124,9.1121,False,TAKEOFF_ROLL
-8.973354,64,9.119663,False,TAKEOFF_ROLL
10.300144,141,9.135762,False,INITIAL_CLIMB
-9.068925,57,9.142362,False,ROTATE
13.49746,123,9.156625,False,INITIAL_CLIMB
5.613518,165,9.176171,False,INITIAL_CLIMB
21.653643,177,9.19699,False,INITIAL_CLIMB
26.040713,144,9.213568,False,INITIAL_CLIMB
18.423735,125,9.448031,False,INITIAL_CLIMB
30.719283,147,9.464908,False,INITIAL_CLIMB
5.55878,103,9.477089,False,INITIAL_CLIMB
-3.897536,76,9.485993,False,ROTATE
13.323453,117,9.499698,False,INITIAL_CLIMB
-0.312315,56,9.506293,False,INITIAL_CLIMB
17.861473,145,9.522548,False,INITIAL_CLIMB
-4.704796,64,9.530537,False,INITIAL_CLIMB
5.648792,82,9.540304,False,INITIAL_CLIMB
9.756485,193,9.562785,False,INITIAL_CLIMB
7.546506,109,9.57583,False,INITIAL_CLIMB
1.145928,108,9.588314,False,INITIAL_CLIMB
4.226595,128,9.603381,False,INITIAL_CLIMB
7.730011,122,9.617677,False,INITIAL_CLIMB
-4.497852,77,9.626658,False,TAKEOFF_ROLL
13.334375,125,9.641282,False,INITIAL_CLIMB
21.572361,167,9.660386,False,INITIAL_CLIMB
21.922613,173,9.680207,False,INITIAL_CLIMB
-7.099682,55,9.905225,False,TAKEOFF_ROLL
10.80994,133,9.921013,False,INITIAL_CLIMB
21.286018,115,9.934436,False,INITIAL_CLIMB
16.084111,101,9.946369,False,INITIAL_CLIMB
9.771252,106,9.958749,False,INITIAL_CLIMB
9.931929,101,9.970528,False,INITIAL_CLIMB
4.380699,105,9.98318,False,INITIAL_CLIMB
-2.169095,97,9.994777,False,INITIAL_CLIMB
7.568749,131,10.010168,False,INITIAL_CLIMB
32.440971,162,10.029025,False,INITIAL_CLIMB
-2.815428,116,10.042701,False,INITIAL_CLIMB
17.689552,107,10.055291,False,INITIAL_CLIMB
16.047554,130,10.070363,False,INITIAL_CLIMB
1.600842,62,10.077929,False,INITIAL_CLIMB
18.107861,140,10.094205,False,INITIAL_CLIMB
18.273644,113,10.106969,False,INITIAL_CLIMB
8.609223,115,10.120132,False,INITIAL_CLIMB
16.287719,125,10.134156,False,INITIAL_CLIMB
24.193764,160,10.372529,False,INITIAL_CLIMB
-5.951644,64,10.380273,False,TAKEOFF_ROLL
-4.14733,60,10.387227,False,INITIAL_CLIMB
-4.620031,65,10.39488,False,TAKEOFF_ROLL
14.847231,109,10.407413,False,INITIAL_CLIMB
5.00901,114,10.42055,False,INITIAL_CLIMB
-2.80597,53,10.426806,False,TAKEOFF_ROLL
17.795684,155,10.444867,False,INITIAL_CLIMB
3.610739,105,10.457115,False,INITIAL_CLIMB
7.751301,110,10.469709,False,INITIAL_CLIMB
13.47562,96,10.48133,False,INITIAL_CLIMB
16.50018,168,10.50118,False,INITIAL_CLIMB
17.169265,93,10.51219,False,INITIAL_CLIMB
-6.202342,54,10.518391,False,INITIAL_CLIMB
10.650328,115,10.531555,False,INITIAL_CLIMB
-5.295395,123,10.545696,False,INITIAL_CLIMB
23.878881,142,10.562218,False,INITIAL_CLIMB
11.159321,132,10.577804,False,INITIAL_CLIMB
-3.069956,74,10.586631,False,ROTATE
3.667522,87,10.596914,False,INITIAL_CLIMB
3.24111,83,10.825288,False,INITIAL_CLIMB
-6.907477,60,10.832487,False,TAKEOFF_ROLL
9.305195,128,10.847442,False,INITIAL_CLIMB
28.374448,149,10.864817,False,INITIAL_CLIMB
2.20439,104,10.877178,False,INITIAL_CLIMB
9.844503,138,10.892612,False,INITIAL_CLIMB
36.498677,135,10.9077,False,INITIAL_CLIMB
6.296157,86,10.918058,False,INITIAL_CLIMB
8.216837,73,10.926742,False,INITIAL_CLIMB
10.727181,125,10.940723,False,INITIAL_CLIMB
5.141476,86,10.950425,False,INITIAL_CLIMB
9.104306,130,10.965804,False,INITIAL_CLIMB
-2.021756,59,10.97286,False,INITIAL_CLIMB
18.669151,147,10.989388,False,INITIAL_CLIMB
5.084994,128,11.004289,False,ROTATE
14.664009,120,11.017921,False,INITIAL_CLIMB
5.861805,89,11.02825,False,INITIAL_CLIMB
5.934597,94,11.039392,False,INITIAL_CLIMB
1.18662,95,11.050588,False,INITIAL_CLIMB
12.775001,101,11.282449,False,INITIAL_CLIMB
12.270055,98,11.29428,False,INITIAL_CLIMB
16.431173,103,11.306207,False,INITIAL_CLIMB
10.745053,95,11.317274,False,INITIAL_CLIMB
14.724242,112,11.330381,False,INITIAL_CLIMB
22.119734,110,11.343272,False,INITIAL_CLIMB
7.927014,100,11.354776,False,INITIAL_CLIMB
17.563097,122,11.368898,False,INITIAL_CLIMB
8.447403,75,11.377717,False,INITIAL_CLIMB
9.224061,79,11.387052,False,INITIAL_CLIMB
9.915821,91,11.397786,False,INITIAL_CLIMB
4.392881,98,11.409336,False,INITIAL_CLIMB
4.978139,86,11.419022,False,INITIAL_CLIMB
3.81775,83,11.428506,False,INITIAL_CLIMB
8.400543,87,11.438301,False,INITIAL_CLIMB
6.987937,101,11.450332,False,INITIAL_CLIMB
25.493376,159,11.468534,False,INITIAL_CLIMB
8.266484,92,11.479129,False,INITIAL_CLIMB
2.003277,109,11.491576,False,INITIAL_CLIMB
-4.513899,56,11.498171,False,TAKEOFF_ROLL
-4.335932,81,11.507528,False,TAKEOFF_ROLL
4.768632,84,11.737218,False,INITIAL_CLIMB
10.556054,90,11.748055,False,INITIAL_CLIMB
21.131026,110,11.761043,False,INITIAL_CLIMB
17.040417,148,11.7783,False,INITIAL_CLIMB
28.435758,130,11.793038,False,INITIAL_CLIMB
-7.278341,76,11.80187,False,TAKEOFF_ROLL
34.018022,139,11.817802,False,INITIAL_CLIMB
22.540466,113,11.83105,False,INITIAL_CLIMB
-1.335598,73,11.839564,False,TAKEOFF_ROLL
32.025101,138,11.855626,False,INITIAL_CLIMB
17.589105,108,11.868243,False,INITIAL_CLIMB
-6.173852,63,11.87575,False,TAKEOFF_ROLL
2.702217,81,11.885145,False,INITIAL_CLIMB
19.751511,115,11.898415,False,INITIAL_CLIMB
4.658432,76,11.907193,False,INITIAL_CLIMB
10.434187,97,11.918486,False,INITIAL_CLIMB
3.638262,88,11.928856,False,INITIAL_CLIMB
12.749749,94,11.939644,False,INITIAL_CLIMB
24.82948,118,11.953368,False,INITIAL_CLIMB
16.938079,90,11.963761,False,INITIAL_CLIMB
4.049111,84,11.973411,False,INITIAL_CLIMB
7.507362,78,12.202623,False,INITIAL_CLIMB
1.769259,53,12.209212,False,INITIAL_CLIMB
8.952307,125,12.223712,False,INITIAL_CLIMB
4.146802,132,12.23915,False,INITIAL_CLIMB
3.864626,72,12.247867,False,INITIAL_CLIMB
7.526309,85,12.258123,False,INITIAL_CLIMB
5.966586,84,12.267869,False,INITIAL_CLIMB
31.87435,129,12.282729,False,INITIAL_CLIMB
17.865844,89,12.293077,False,INITIAL_CLIMB
9.335062,83,12.3027,False,INITIAL_CLIMB
28.622805,121,12.316799,False,INITIAL_CLIMB
22.337751,117,12.330405,False,INITIAL_CLIMB
19.517219,98,12.341691,False,INITIAL_CLIMB
8.485461,98,12.353066,False,INITIAL_CLIMB
12.05134,98,12.364602,False,INITIAL_CLIMB
14.085829,101,12.376451,False,INITIAL_CLIMB
4.633536,86,12.386288,False,INITIAL_CLIMB
15.043939,108,12.398556,False,INITIAL_CLIMB
5.101478,105,12.410828,False,INITIAL_CLIMB
18.59291,103,12.422824,False,INITIAL_CLIMB
-7.918016,64,12.430482,False,TAKEOFF_ROLL
0.805907,78,12.658895,False,INITIAL_CLIMB
-2.460028,119,12.672533,False,INITIAL_CLIMB
15.211465,112,12.685564,False,INITIAL_CLIMB
10.864758,100,12.697144,False,INITIAL_CLIMB
29.020594,125,12.711294,False,INITIAL_CLIMB
8.903456,82,12.720509,False,INITIAL_CLIMB
19.235112,106,12.732647,False,INITIAL_CLIMB
19.339967,101,12.744577,False,INITIAL_CLIMB
7.589515,101,12.756619,False,INITIAL_CLIMB
9.858948,92,12.767645,False,INITIAL_CLIMB
9.071047,101,12.779485,False,INITIAL_CLIMB
10.380363,113,12.792178,False,INITIAL_CLIMB
6.497277,129,12.806625,False,INITIAL_CLIMB
18.10007,99,12.818177,False,INITIAL_CLIMB
5.187996,69,12.826211,False,INITIAL_CLIMB
9.172618,104,12.83834,False,INITIAL_CLIMB
9.431028,89,12.848617,False,INITIAL_CLIMB
10.035585,101,12.860123,False,INITIAL_CLIMB
10.998235,100,12.871434,False,INITIAL_CLIMB
5.976606,91,12.881905,False,INITIAL_CLIMB
19.136691,92,13.114039,False,INITIAL_CLIMB
6.129788,78,13.123223,False,INITIAL_CLIMB
7.837937,83,13.132892,False,INITIAL_CLIMB
9.85848,89,13.143513,False,INITIAL_CLIMB
33.324688,120,13.157416,False,INITIAL_CLIMB
15.88446,111,13.170372,False,INITIAL_CLIMB
17.073356,95,13.181692,False,INITIAL_CLIMB
10.146013,104,13.194223,False,INITIAL_CLIMB
7.242403,85,13.203891,False,INITIAL_CLIMB
17.335938,97,13.214704,False,INITIAL_CLIMB
26.892899,127,13.229084,False,INITIAL_CLIMB
17.280576,131,13.244608,False,INITIAL_CLIMB
18.916079,96,13.255659,False,INITIAL_CLIMB
28.633073,157,13.273227,False,INITIAL_CLIMB
15.284552,112,13.286465,False,INITIAL_CLIMB
5.572127,91,13.297081,False,INITIAL_CLIMB
21.533657,130,13.312245,False,INITIAL_CLIMB
17.507821,107,13.324859,False,INITIAL_CLIMB
16.050193,102,13.336275,False,INITIAL_CLIMB
10.362412,89,13.346291,False,INITIAL_CLIMB
19.052375,118,13.605624,False,INITIAL_CLIMB
17.855054,96,13.628139,False,INITIAL_CLIMB
13.284502,95,13.639968,False,INITIAL_CLIMB
4.320689,67,13.647999,False,INITIAL_CLIMB
12.947979,89,13.659454,False,INITIAL_CLIMB
32.260252,123,13.67461,False,INITIAL_CLIMB
30.474361,170,13.695233,False,INITIAL_CLIMB
9.160467,88,13.705722,False,INITIAL_CLIMB
13.526519,116,13.719908,False,INITIAL_CLIMB
27.766862,173,13.741176,False,INITIAL_CLIMB
11.62886,102,13.753503,False,INITIAL_CLIMB
37.51124,166,13.772822,False,INITIAL_CLIMB
28.37477,152,13.790413,False,INITIAL_CLIMB
14.858261,138,13.80612,False,INITIAL_CLIMB
28.152262,123,13.820603,False,INITIAL_CLIMB
33.595066,180,13.841901,False,INITIAL_CLIMB
25.634424,152,14.082068,False,INITIAL_CLIMB
21.592758,113,14.095646,False,INITIAL_CLIMB
9.799457,80,14.105193,False,INITIAL_CLIMB
5.226306,87,14.115785,False,INITIAL_CLIMB
33.532945,120,14.129904,False,INITIAL_CLIMB
19.604635,115,14.143572,False,INITIAL_CLIMB
21.934608,104,14.155821,False,INITIAL_CLIMB
16.057196,96,14.167256,False,INITIAL_CLIMB
24.907218,120,14.181468,False,INITIAL_CLIMB
21.763211,136,14.197395,False,INITIAL_CLIMB
9.930659,90,14.208101,False,INITIAL_CLIMB
8.928548,75,14.216754,False,INITIAL_CLIMB
28.40159,171,14.236702,False,INITIAL_CLIMB
31.730555,111,14.249736,False,INITIAL_CLIMB
24.725954,124,14.264122,False,INITIAL_CLIMB
9.389577,61,14.271198,False,INITIAL_CLIMB
11.564172,76,14.280107,False,INITIAL_CLIMB
6.389902,76,14.288867,False,INITIAL_CLIMB
7.342162,102,14.300535,False,INITIAL_CLIMB
16.091292,94,14.311687,False,INITIAL_CLIMB
8.503541,93,14.541922,False,INITIAL_CLIMB
8.696816,72,14.550533,False,INITIAL_CLIMB
15.026123,91,14.561458,False,INITIAL_CLIMB
14.811863,94,14.572089,False,INITIAL_CLIMB
7.772735,87,14.582225,False,INITIAL_CLIMB
29.123385,124,14.596662,False,INITIAL_CLIMB
39.457072,130,14.61204,False,INITIAL_CLIMB
18.849169,102,14.624148,False,INITIAL_CLIMB
12.898089,86,14.633878,False,INITIAL_CLIMB
16.644635,95,14.644824,False,INITIAL_CLIMB
20.160686,101,14.656734,False,INITIAL_CLIMB
12.382922,78,14.66603,False,INITIAL_CLIMB
19.878992,87,14.676429,False,INITIAL_CLIMB
28.711829,121,14.690341,False,INITIAL_CLIMB
6.689006,75,14.698924,False,INITIAL_CLIMB
14.599685,83,14.708244,False,INITIAL_CLIMB
20.510559,106,14.720085,False,INITIAL_CLIMB
14.333214,99,14.731552,False,INITIAL_CLIMB
28.610749,130,14.746475,False,INITIAL_CLIMB
22.438473,111,14.759253,False,INITIAL_CLIMB
9.179417,103,14.99137,False,INITIAL_CLIMB
21.485166,100,15.002843,False,INITIAL_CLIMB
10.10765,94,15.013795,False,INITIAL_CLIMB
11.777549,86,15.02368,False,INITIAL_CLIMB
9.497116,72,15.031942,False,INITIAL_CLIMB
12.711629,88,15.041931,False,INITIAL_CLIMB
18.979337,91,15.052322,False,INITIAL_CLIMB
23.529062,115,15.065597,False,INITIAL_CLIMB
11.355818,95,15.076674,False,INITIAL_CLIMB
18.043418,103,15.088219,False,INITIAL_CLIMB
-1.585806,86,15.09819,False,INITIAL_CLIMB
14.58799,90,15.108568,False,INITIAL_CLIMB
7.845031,69,15.116418,False,INITIAL_CLIMB
12.310764,87,15.126399,False,INITIAL_CLIMB
19.639725,91,15.136615,False,INITIAL_CLIMB
29.895163,120,15.150236,False,INITIAL_CLIMB
13.80544,93,15.160835,False,INITIAL_CLIMB
3.991203,65,15.168148,False,INITIAL_CLIMB
5.825293,65,15.175602,False,INITIAL_CLIMB
46.124181,146,15.192171,False,INITIAL_CLIMB
11.315955,73,15.200691,False,INITIAL_CLIMB
10.567427,97,15.211924,False,INITIAL_CLIMB
7.622125,80,15.221127,False,INITIAL_CLIMB
13.258844,91,15.451116,False,INITIAL_CLIMB
22.59706,102,15.463146,False,INITIAL_CLIMB
13.043481,81,15.47259,False,INITIAL_CLIMB
40.17877,204,15.496239,False,INITIAL_CLIMB
15.469064,95,15.507281,False,INITIAL_CLIMB
5.495147,87,15.517166,False,INITIAL_CLIMB
41.005214,146,15.533736,False,INITIAL_CLIMB
20.264367,110,15.546375,False,INITIAL_CLIMB
30.998191,135,15.562346,False,INITIAL_CLIMB
7.744054,75,15.57134,False,INITIAL_CLIMB
26.964108,120,15.585658,False,INITIAL_CLIMB
10.556983,86,15.595826,False,INITIAL_CLIMB
33.333881,118,15.609352,False,INITIAL_CLIMB
37.650208,136,15.625334,False,INITIAL_CLIMB
16.343136,92,15.6362,False,INITIAL_CLIMB
9.989015,90,15.64699,False,INITIAL_CLIMB
34.346312,126,15.661741,False,INITIAL_CLIMB
34.579718,131,15.6773,False,INITIAL_CLIMB
13.649788,88,15.90818,False,INITIAL_CLIMB
13.573605,102,15.92045,False,INITIAL_CLIMB
48.532915,182,15.941425,False,INITIAL_CLIMB
31.922299,130,15.956832,False,INITIAL_CLIMB
26.149065,121,15.971084,False,INITIAL_CLIMB
28.748795,117,15.984651,False,INITIAL_CLIMB
25.661527,124,15.999029,False,INITIAL_CLIMB
30.927402,127,16.013779,False,INITIAL_CLIMB
12.149669,90,16.02456,False,INITIAL_CLIMB
18.822099,107,16.037143,False,INITIAL_CLIMB
30.795344,119,16.050756,False,INITIAL_CLIMB
13.865016,119,16.064688,False,INITIAL_CLIMB
9.352212,86,16.075033,False,INITIAL_CLIMB
12.164103,89,16.085529,False,INITIAL_CLIMB
14.274068,86,16.095583,False,INITIAL_CLIMB
46.230809,141,16.11145,False,INITIAL_CLIMB
8.782776,86,16.12114,False,INITIAL_CLIMB
30.326796,121,16.13529,False,INITIAL_CLIMB
24.815902,112,16.367775,False,INITIAL_CLIMB
13.069553,97,16.378976,False,INITIAL_CLIMB
5.885886,81,16.388164,False,INITIAL_CLIMB
14.962544,97,16.39978,False,INITIAL_CLIMB
41.994108,148,16.417474,False,INITIAL_CLIMB
18.473001,93,16.428615,False,INITIAL_CLIMB
10.776843,84,16.438417,False,INITIAL_CLIMB
21.478486,102,16.450373,False,INITIAL_CLIMB
30.329888,113,16.463183,False,INITIAL_CLIMB
33.435792,130,16.477989,False,INITIAL_CLIMB
12.775946,81,16.487383,False,INITIAL_CLIMB
9.839734,80,16.496719,False,INITIAL_CLIMB
19.996065,93,16.50754,False,INITIAL_CLIMB
17.831589,98,16.518752,False,INITIAL_CLIMB
57.383051,167,16.538243,False,INITIAL_CLIMB
25.748943,113,16.551559,False,INITIAL_CLIMB
30.265298,102,16.563526,False,INITIAL_CLIMB
15.688102,91,16.573922,False,INITIAL_CLIMB
3.746034,63,16.581357,False,INITIAL_CLIMB
34.725282,114,16.59466,False,INITIAL_CLIMB
22.849825,129,16.829332,False,INITIAL_CLIMB
10.203251,89,16.840056,False,INITIAL_CLIMB
10.482046,100,16.851594,False,INITIAL_CLIMB
12.06832,81,16.861201,False,INITIAL_CLIMB
16.095446,89,16.871802,False,INITIAL_CLIMB
38.261026,126,16.886623,False,INITIAL_CLIMB
21.113942,107,16.899107,False,INITIAL_CLIMB
8.563713,99,16.910637,False,INITIAL_CLIMB
23.662064,98,16.922234,False,INITIAL_CLIMB
30.176023,113,16.93523,False,INITIAL_CLIMB
25.004184,103,16.947349,False,INITIAL_CLIMB
32.102537,129,16.962206,False,INITIAL_CLIMB
13.145194,93,16.972715,False,INITIAL_CLIMB
15.58476,91,16.983255,False,INITIAL_CLIMB
1.46429,118,16.997061,False,INITIAL_CLIMB
30.751669,126,17.012126,False,INITIAL_CLIMB
49.03711,159,17.030544,False,INITIAL_CLIMB
15.124417,90,17.040756,False,INITIAL_CLIMB
19.03548,87,17.051008,False,INITIAL_CLIMB
10.039698,94,17.282073,False,INITIAL_CLIMB
10.719104,78,17.291101,False,INITIAL_CLIMB
31.540216,138,17.306678,False,INITIAL_CLIMB
15.354759,96,17.318032,False,INITIAL_CLIMB
20.00712,111,17.331383,False,INITIAL_CLIMB
13.582436,93,17.342666,False,INITIAL_CLIMB
20.93991,95,17.353849,False,INITIAL_CLIMB
16.192522,96,17.365263,False,INITIAL_CLIMB
18.466893,95,17.376589,False,INITIAL_CLIMB
18.115936,100,17.388028,False,INITIAL_CLIMB
9.767789,98,17.399204,False,INITIAL_CLIMB
18.634654,103,17.411263,False,INITIAL_CLIMB
22.219423,101,17.423022,False,INITIAL_CLIMB
31.670192,132,17.438634,False,INITIAL_CLIMB
52.967028,179,17.459791,False,INITIAL_CLIMB
32.221651,115,17.473356,False,INITIAL_CLIMB
9.519278,75,17.482327,False,INITIAL_CLIMB
30.589075,126,17.49723,False,INITIAL_CLIMB
25.831575,109,17.51022,False,INITIAL_CLIMB
44.652973,134,17.744887,False,INITIAL_CLIMB
55.381776,143,17.761842,False,INITIAL_CLIMB
13.339531,94,17.772556,False,INITIAL_CLIMB
25.871633,106,17.784566,False,INITIAL_CLIMB
32.548381,106,17.796865,False,INITIAL_CLIMB
21.575675,112,17.810204,False,INITIAL_CLIMB
12.462671,80,17.819677,False,INITIAL_CLIMB
33.557467,115,17.832932,False,INITIAL_CLIMB
28.291562,117,17.846536,False,INITIAL_CLIMB
19.577446,125,17.861461,False,INITIAL_CLIMB
10.459316,85,17.871531,False,INITIAL_CLIMB
36.655031,142,17.8882,False,INITIAL_CLIMB
16.70456,90,17.898826,False,INITIAL_CLIMB
16.121331,117,17.912695,False,INITIAL_CLIMB
11.780958,87,17.923018,False,INITIAL_CLIMB
15.491282,87,17.933447,False,INITIAL_CLIMB
7.303633,86,17.943832,False,INITIAL_CLIMB
28.811082,111,17.956923,False,INITIAL_CLIMB
14.438575,98,17.968485,False,INITIAL_CLIMB
36.902559,123,18.202694,False,INITIAL_CLIMB
15.288198,128,18.217517,False,INITIAL_CLIMB
22.136247,108,18.23026,False,INITIAL_CLIMB
20.753152,102,18.242302,False,INITIAL_CLIMB
25.253227,124,18.256193,False,INITIAL_CLIMB
31.325826,119,18.269602,False,INITIAL_CLIMB
70.776093,171,18.289734,False,INITIAL_CLIMB
20.618929,105,18.301571,False,INITIAL_CLIMB
37.857028,132,18.31694,False,INITIAL_CLIMB
20.337492,103,18.329252,False,INITIAL_CLIMB
22.746131,102,18.341272,False,INITIAL_CLIMB
29.062325,119,18.355236,False,INITIAL_CLIMB
28.875719,106,18.367677,False,INITIAL_CLIMB
20.929887,110,18.380461,False,INITIAL_CLIMB
31.932238,117,18.393783,False,INITIAL_CLIMB
25.801347,107,18.406149,False,INITIAL_CLIMB
26.626742,118,18.419783,False,INITIAL_CLIMB
11.731344,79,18.428875,False,INITIAL_CLIMB
11.226215,85,18.658585,False,INITIAL_CLIMB
19.790806,98,18.670553,False,INITIAL_CLIMB
28.559552,124,18.684949,False,INITIAL_CLIMB
16.991078,86,18.694779,False,INITIAL_CLIMB
20.153107,90,18.704887,False,INITIAL_CLIMB
34.089485,129,18.719709,False,INITIAL_CLIMB
30.108482,122,18.733771,False,INITIAL_CLIMB
22.260732,103,18.745976,False,INITIAL_CLIMB
50.843135,176,18.766744,False,INITIAL_CLIMB
25.307937,105,18.779,False,INITIAL_CLIMB
14.145881,82,18.788802,False,INITIAL_CLIMB
32.414557,124,18.803151,False,INITIAL_CLIMB
12.642527,97,18.814351,False,INITIAL_CLIMB
18.0702,89,18.824471,False,INITIAL_CLIMB
30.064288,110,18.837216,False,INITIAL_CLIMB
12.33732,81,18.846577,False,INITIAL_CLIMB
23.775054,111,18.859267,False,INITIAL_CLIMB
30.215959,132,18.874603,False,INITIAL_CLIMB
29.720459,121,18.888031,False,INITIAL_CLIMB
15.002265,85,19.118125,False,INITIAL_CLIMB
32.904428,114,19.131752,False,INITIAL_CLIMB
17.548388,100,19.143792,False,INITIAL_CLIMB
44.947664,137,19.160099,False,INITIAL_CLIMB
5.316499,85,19.170208,False,INITIAL_CLIMB
26.950961,112,19.183201,False,INITIAL_CLIMB
15.488032,86,19.19336,False,INITIAL_CLIMB
47.782877,132,19.208213,False,INITIAL_CLIMB
22.46789,114,19.220926,False,INITIAL_CLIMB
21.611518,96,19.23223,False,INITIAL_CLIMB
26.211157,104,19.244528,False,INITIAL_CLIMB
31.08715,129,19.259344,False,INITIAL_CLIMB
25.474422,127,19.273602,False,INITIAL_CLIMB
25.284213,103,19.285923,False,INITIAL_CLIMB
20.783456,95,19.29686,False,INITIAL_CLIMB
18.231344,96,19.307639,False,INITIAL_CLIMB
39.947661,138,19.324004,False,INITIAL_CLIMB
9.389651,85,19.33417,False,INITIAL_CLIMB
11.512839,95,19.345352,False,INITIAL_CLIMB
36.666225,111,19.577967,False,INITIAL_CLIMB
12.487634,91,19.588823,False,INITIAL_CLIMB
23.932171,104,19.601278,False,INITIAL_CLIMB
20.469348,84,19.611347,False,INITIAL_CLIMB
6.445849,76,19.620012,False,INITIAL_CLIMB
23.418506,97,19.631259,False,INITIAL_CLIMB
23.761508,98,19.64283,False,INITIAL_CLIMB
20.44414,103,19.654371,False,INITIAL_CLIMB
12.723924,87,19.6647,False,INITIAL_CLIMB
17.096997,92,19.675662,False,INITIAL_CLIMB
22.929343,94,19.686259,False,INITIAL_CLIMB
39.166783,130,19.701469,False,INITIAL_CLIMB
44.670415,139,19.717245,False,INITIAL_CLIMB
30.910092,121,19.730921,False,INITIAL_CLIMB
38.231361,143,19.747425,False,INITIAL_CLIMB
28.588551,110,19.76058,False,INITIAL_CLIMB
17.798935,81,19.770231,False,INITIAL_CLIMB
42.663335,140,19.786832,False,INITIAL_CLIMB
13.595195,80,19.796105,False,INITIAL_CLIMB
45.813688,127,19.810634,False,INITIAL_CLIMB
40.954186,132,20.046977,False,INITIAL_CLIMB
8.470056,63,20.054379,False,INITIAL_CLIMB
36.387106,134,20.069929,False,INITIAL_CLIMB
17.260694,87,20.080253,False,INITIAL_CLIMB
50.589651,132,20.095549,False,INITIAL_CLIMB
8.653101,80,20.104828,False,INITIAL_CLIMB
40.163503,136,20.120522,False,INITIAL_CLIMB
21.687566,111,20.13311,False,INITIAL_CLIMB
10.248951,77,20.142098,False,INITIAL_CLIMB
13.141732,84,20.15202,False,INITIAL_CLIMB
29.877568,103,20.164479,False,INITIAL_CLIMB
29.317319,109,20.177429,False,INITIAL_CLIMB
11.433642,85,20.187182,False,INITIAL_CLIMB
36.8254,123,20.2016,False,INITIAL_CLIMB
8.14931,80,20.210991,False,INITIAL_CLIMB
52.772956,152,20.228618,False,INITIAL_CLIMB
47.407495,131,20.243917,False,INITIAL_CLIMB
7.527083,67,20.251627,False,INITIAL_CLIMB
25.066252,99,20.263198,False,INITIAL_CLIMB
31.145458,140,20.499505,False,INITIAL_CLIMB
65.376192,160,20.518452,True,INITIAL_CLIMB
7.170488,82,20.528399,False,INITIAL_CLIMB
37.463585,138,20.544713,False,INITIAL_CLIMB
10.960393,80,20.554238,False,INITIAL_CLIMB
8.143514,75,20.563346,False,INITIAL_CLIMB
19.138512,102,20.575203,False,INITIAL_CLIMB
39.525598,136,20.590809,False,INITIAL_CLIMB
10.7567,87,20.600938,False,INITIAL_CLIMB
13.420056,78,20.610107,False,INITIAL_CLIMB
18.536025,97,20.621242,False,INITIAL_CLIMB
8.448175,77,20.630151,False,INITIAL_CLIMB
10.92755,85,20.640038,False,INITIAL_CLIMB
31.911301,116,20.653308,False,INITIAL_CLIMB
54.36343,143,20.669961,False,INITIAL_CLIMB
27.299123,110,20.682605,False,INITIAL_CLIMB
13.035276,79,20.691944,False,INITIAL_CLIMB
15.807626,85,20.701737,False,INITIAL_CLIMB
44.791218,140,20.717704,False,INITIAL_CLIMB
12.780022,78,20.726944,False,INITIAL_CLIMB
26.226821,110,20.960228,False,INITIAL_CLIMB
32.867064,105,20.972139,False,INITIAL_CLIMB
11.97095,89,20.982948,False,INITIAL_CLIMB
17.401545,92,20.99399,False,INITIAL_CLIMB
21.391361,96,21.004966,False,INITIAL_CLIMB
40.677596,125,21.019659,False,INITIAL_CLIMB
7.619264,70,21.027914,False,INITIAL_CLIMB
11.373984,81,21.03707,False,INITIAL_CLIMB
45.695916,123,21.051199,False,INITIAL_CLIMB
19.005894,91,21.062264,False,INITIAL_CLIMB
31.951938,118,21.076517,False,INITIAL_CLIMB
45.125733,138,21.092701,False,INITIAL_CLIMB
19.030503,99,21.104185,False,INITIAL_CLIMB
48.946992,133,21.119374,False,INITIAL_CLIMB
6.448187,87,21.129601,False,INITIAL_CLIMB
26.017851,99,21.141361,False,INITIAL_CLIMB
29.705042,111,21.15396,False,INITIAL_CLIMB
12.67624,94,21.164788,False,INITIAL_CLIMB
17.238803,90,21.175255,False,INITIAL_CLIMB
8.719243,77,21.18436,False,INITIAL_CLIMB
27.075749,105,21.417954,False,INITIAL_CLIMB
26.053163,97,21.429874,False,INITIAL_CLIMB
11.184982,82,21.439728,False,INITIAL_CLIMB
16.331995,81,21.449373,False,INITIAL_CLIMB
13.283344,88,21.459603,False,INITIAL_CLIMB
32.878913,128,21.474509,False,INITIAL_CLIMB
24.483693,98,21.48599,False,INITIAL_CLIMB
22.198151,98,21.497684,False,INITIAL_CLIMB
16.043802,87,21.508145,False,INITIAL_CLIMB
24.210044,98,21.519763,False,INITIAL_CLIMB
14.742658,95,21.531006,False,INITIAL_CLIMB
33.693685,127,21.545831,False,INITIAL_CLIMB
57.767363,152,21.563795,False,INITIAL_CLIMB
7.590764,79,21.573247,False,INITIAL_CLIMB
11.872458,89,21.583673,False,INITIAL_CLIMB
38.023913,134,21.599379,False,INITIAL_CLIMB
21.162408,102,21.611554,False,INITIAL_CLIMB
13.084021,83,21.621251,False,INITIAL_CLIMB
13.611634,81,21.63062,False,INITIAL_CLIMB
14.377746,82,21.640141,False,INITIAL_CLIMB
48.337955,155,21.878225,False,INITIAL_CLIMB
6.805783,82,21.887983,False,INITIAL_CLIMB
14.269009,78,21.897293,False,INITIAL_CLIMB
34.840756,141,21.914177,False,INITIAL_CLIMB
34.456879,116,21.928114,False,INITIAL_CLIMB
47.644738,133,21.943882,False,INITIAL_CLIMB
16.712432,81,21.953671,False,INITIAL_CLIMB
11.057505,85,21.963493,False,INITIAL_CLIMB
15.532273,92,21.974123,False,INITIAL_CLIMB
28.793098,113,21.987246,False,INITIAL_CLIMB
28.168175,115,22.000592,False,INITIAL_CLIMB
16.941476,92,22.011279,False,INITIAL_CLIMB
43.939502,130,22.026437,False,INITIAL_CLIMB
9.771328,86,22.036457,False,INITIAL_CLIMB
62.260649,171,22.056111,True,INITIAL_CLIMB
15.908673,92,22.067112,False,INITIAL_CLIMB
23.544274,103,22.079498,False,INITIAL_CLIMB
15.63169,103,22.091824,False,INITIAL_CLIMB
47.052441,126,22.10662,False,INITIAL_CLIMB
38.654934,114,22.339257,False,INITIAL_CLIMB
13.275997,86,22.349866,False,INITIAL_CLIMB
47.2209,143,22.366808,False,INITIAL_CLIMB
15.569778,93,22.377619,False,INITIAL_CLIMB
16.749606,90,22.387847,False,INITIAL_CLIMB
19.242595,89,22.39819,False,INITIAL_CLIMB
17.28785,89,22.408547,False,INITIAL_CLIMB
35.123976,128,22.423123,False,INITIAL_CLIMB
9.407708,76,22.431972,False,INITIAL_CLIMB
35.730452,108,22.444625,False,INITIAL_CLIMB
13.936095,87,22.454815,False,INITIAL_CLIMB
17.112493,87,22.464782,False,INITIAL_CLIMB
31.070955,111,22.477458,False,INITIAL_CLIMB
18.780486,96,22.488353,False,INITIAL_CLIMB
14.994066,80,22.497636,False,INITIAL_CLIMB
36.358298,116,22.51111,False,INITIAL_CLIMB
31.327779,112,22.524464,False,INITIAL_CLIMB
13.396935,90,22.53497,False,INITIAL_CLIMB
35.832696,118,22.548625,False,INITIAL_CLIMB
17.8952,94,22.559473,False,INITIAL_CLIMB
53.075687,152,22.798702,False,INITIAL_CLIMB
16.664622,98,22.810796,False,INITIAL_CLIMB
32.734672,112,22.824258,False,INITIAL_CLIMB
27.913183,129,22.839397,False,INITIAL_CLIMB
36.825632,121,22.853501,False,INITIAL_CLIMB
27.779325,102,22.865427,False,INITIAL_CLIMB
27.985732,114,22.878778,False,INITIAL_CLIMB
12.677847,100,22.890635,False,INITIAL_CLIMB
34.557495,122,22.904926,False,INITIAL_CLIMB
27.281643,110,22.91771,False,INITIAL_CLIMB
13.166391,85,22.927671,False,INITIAL_CLIMB
74.251509,189,22.94933,False,INITIAL_CLIMB
16.812783,95,22.960581,False,INITIAL_CLIMB
24.674053,100,22.972038,False,INITIAL_CLIMB
32.45224,110,22.98473,False,INITIAL_CLIMB
25.697762,110,22.997611,False,INITIAL_CLIMB
44.998885,147,23.014743,False,INITIAL_CLIMB
40.063394,134,23.030433,False,INITIAL_CLIMB
5.762128,72,23.259299,False,INITIAL_CLIMB
13.191078,87,23.269325,False,INITIAL_CLIMB
48.998715,140,23.285777,False,INITIAL_CLIMB
17.801835,90,23.296437,False,INITIAL_CLIMB
12.907946,84,23.306313,False,INITIAL_CLIMB
39.253813,133,23.321534,False,INITIAL_CLIMB
37.985083,120,23.3355,False,INITIAL_CLIMB
24.830185,99,23.346999,False,INITIAL_CLIMB
12.151843,82,23.356294,False,INITIAL_CLIMB
46.034087,135,23.372418,False,INITIAL_CLIMB
49.717159,155,23.390694,False,INITIAL_CLIMB
18.737852,87,23.400619,False,INITIAL_CLIMB
36.190873,121,23.414307,False,INITIAL_CLIMB
19.091152,115,23.427453,False,INITIAL_CLIMB
20.709137,94,23.438423,False,INITIAL_CLIMB
15.895693,92,23.44943,False,INITIAL_CLIMB
42.081375,141,23.465944,False,INITIAL_CLIMB
32.229543,115,23.479562,False,INITIAL_CLIMB
21.49281,105,23.491885,False,INITIAL_CLIMB
22.676903,119,23.726175,False,INITIAL_CLIMB
12.497283,76,23.735273,False,INITIAL_CLIMB
21.306215,90,23.745975,False,INITIAL_CLIMB
24.321206,102,23.75768,False,INITIAL_CLIMB
21.450811,110,23.770693,False,INITIAL_CLIMB
31.991943,116,23.784366,False,INITIAL_CLIMB
7.116483,75,23.793056,False,INITIAL_CLIMB
17.948591,98,23.804086,False,INITIAL_CLIMB
52.090718,145,23.820481,False,INITIAL_CLIMB
29.772029,125,23.834902,False,INITIAL_CLIMB
20.061565,96,23.845953,False,INITIAL_CLIMB
21.850172,109,23.858574,False,INITIAL_CLIMB
31.91763,125,23.873214,False,INITIAL_CLIMB
36.601258,121,23.887015,False,INITIAL_CLIMB
48.944025,141,23.903004,False,INITIAL_CLIMB
13.16899,91,23.913516,False,INITIAL_CLIMB
39.301861,134,23.929106,False,INITIAL_CLIMB
35.352024,122,23.943772,False,INITIAL_CLIMB
9.836004,85,24.173748,False,INITIAL_CLIMB
21.023658,99,24.185914,False,INITIAL_CLIMB
16.633065,83,24.195866,False,INITIAL_CLIMB
30.175763,108,24.208073,False,INITIAL_CLIMB
22.10342,95,24.218659,False,INITIAL_CLIMB
51.907782,139,24.234758,False,INITIAL_CLIMB
17.721136,96,24.246173,False,INITIAL_CLIMB
21.190936,104,24.258574,False,INITIAL_CLIMB
14.935031,95,24.269817,False,INITIAL_CLIMB
7.884058,80,24.279258,False,INITIAL_CLIMB
13.578007,84,24.288637,False,INITIAL_CLIMB
29.110815,108,24.301312,False,INITIAL_CLIMB
32.83895,111,24.314453,False,INITIAL_CLIMB
16.085697,95,24.325766,False,INITIAL_CLIMB
25.924669,111,24.338181,False,INITIAL_CLIMB
35.320068,121,24.352408,False,INITIAL_CLIMB
28.615751,110,24.365301,False,INITIAL_CLIMB
40.314022,130,24.380492,False,INITIAL_CLIMB
12.687953,103,24.392304,False,INITIAL_CLIMB
8.708802,85,24.401971,False,INITIAL_CLIMB
14.558338,99,24.633932,False,INITIAL_CLIMB
51.020928,132,24.649673,False,INITIAL_CLIMB
29.982575,119,24.664111,False,INITIAL_CLIMB
16.909823,106,24.676647,False,INITIAL_CLIMB
33.212106,130,24.691496,False,INITIAL_CLIMB
14.315783,99,24.703028,False,INITIAL_CLIMB
24.177128,126,24.717452,False,INITIAL_CLIMB
15.603982,93,24.728244,False,INITIAL_CLIMB
23.942148,123,24.742286,False,INITIAL_CLIMB
54.905883,145,24.758766,False,INITIAL_CLIMB
34.798442,116,24.772071,False,INITIAL_CLIMB
17.421919,92,24.782622,False,INITIAL_CLIMB
24.627826,109,24.795057,False,INITIAL_CLIMB
10.388634,80,24.804267,False,INITIAL_CLIMB
41.074805,134,24.82773,False,INITIAL_CLIMB
14.488547,93,24.838527,False,INITIAL_CLIMB
30.820452,118,24.852454,False,INITIAL_CLIMB
35.6786,118,24.866321,False,INITIAL_CLIMB
57.450642,151,25.105661,False,INITIAL_CLIMB
14.817649,110,25.118486,False,INITIAL_CLIMB
32.682965,122,25.132447,False,INITIAL_CLIMB
28.138821,115,25.146018,False,INITIAL_CLIMB
36.089138,121,25.160185,False,INITIAL_CLIMB
28.254276,112,25.172742,False,INITIAL_CLIMB
23.450641,100,25.184061,False,INITIAL_CLIMB
28.947747,112,25.196854,False,INITIAL_CLIMB
59.058712,174,25.216631,False,INITIAL_CLIMB
15.165537,92,25.227278,False,INITIAL_CLIMB
15.21186,90,25.237601,False,INITIAL_CLIMB
23.207698,111,25.25021,False,INITIAL_CLIMB
39.423274,125,25.264463,False,INITIAL_CLIMB
24.659052,105,25.276579,False,INITIAL_CLIMB
50.781629,149,25.293331,False,INITIAL_CLIMB
59.295409,152,25.310681,True,INITIAL_CLIMB
25.085867,123,25.324685,False,INITIAL_CLIMB
20.187208,97,25.557724,False,INITIAL_CLIMB
6.497686,74,25.566402,False,INITIAL_CLIMB
16.801383,101,25.578048,False,INITIAL_CLIMB
31.750828,114,25.591567,False,INITIAL_CLIMB
67.330305,154,25.609531,True,INITIAL_CLIMB
30.450341,124,25.624029,False,INITIAL_CLIMB
21.383609,104,25.636362,False,INITIAL_CLIMB
25.154046,102,25.648286,False,INITIAL_CLIMB
5.093115,71,25.656698,False,INITIAL_CLIMB
22.44509,100,25.668487,False,INITIAL_CLIMB
24.476035,119,25.682308,False,INITIAL_CLIMB
10.262308,85,25.692388,False,INITIAL_CLIMB
9.6025,84,25.702339,False,INITIAL_CLIMB
25.593733,107,25.714731,False,INITIAL_CLIMB
60.492746,180,25.735546,False,INITIAL_CLIMB
21.866386,109,25.74864,False,INITIAL_CLIMB
14.783055,88,25.759176,False,INITIAL_CLIMB
16.856438,102,25.770894,False,INITIAL_CLIMB
27.161009,109,25.783659,False,INITIAL_CLIMB
7.622807,110,26.019661,False,INITIAL_CLIMB
11.353706,86,26.030147,False,INITIAL_CLIMB
29.555962,120,26.044268,False,INITIAL_CLIMB
15.464372,94,26.05536,False,INITIAL_CLIMB
8.878686,100,26.067195,False,INITIAL_CLIMB
49.553431,148,26.084802,False,INITIAL_CLIMB
21.980057,110,26.097661,False,INITIAL_CLIMB
34.456854,131,26.112677,False,INITIAL_CLIMB
13.693084,103,26.124784,False,INITIAL_CLIMB
6.468089,77,26.133802,False,INITIAL_CLIMB
25.944352,106,26.146217,False,INITIAL_CLIMB
34.466436,118,26.159659,False,INITIAL_CLIMB
14.775833,91,26.170339,False,INITIAL_CLIMB
12.957241,81,26.179931,False,INITIAL_CLIMB
18.114888,99,26.20649,False,INITIAL_CLIMB
6.413242,72,26.230017,False,INITIAL_CLIMB
14.403237,88,26.247448,False,INITIAL_CLIMB
23.972675,104,26.260249,False,INITIAL_CLIMB
13.488142,83,26.270173,False,INITIAL_CLIMB
39.702366,125,26.285098,False,INITIAL_CLIMB
12.679205,89,26.295678,False,INITIAL_CLIMB
42.465315,128,26.535968,False,INITIAL_CLIMB
49.105664,143,26.553094,False,INITIAL_CLIMB
25.416791,106,26.565811,False,INITIAL_CLIMB
24.232269,100,26.577812,False,INITIAL_CLIMB
35.581737,121,26.592308,False,INITIAL_CLIMB
19.639756,99,26.60393,False,INITIAL_CLIMB
46.360855,147,26.621028,False,INITIAL_CLIMB
9.639143,86,26.63117,False,INITIAL_CLIMB
10.099587,86,26.641247,False,INITIAL_CLIMB
24.640186,104,26.653311,False,INITIAL_CLIMB
18.420781,94,26.664269,False,INITIAL_CLIMB
27.959985,113,26.677507,False,INITIAL_CLIMB
8.868233,94,26.688336,False,INITIAL_CLIMB
29.21547,108,26.700948,False,INITIAL_CLIMB
8.558214,76,26.709833,False,INITIAL_CLIMB
13.073089,82,26.719364,False,INITIAL_CLIMB
30.526354,119,26.73356,False,INITIAL_CLIMB
26.493105,111,26.746674,False,INITIAL_CLIMB
23.121929,115,26.759906,False,INITIAL_CLIMB
47.199709,125,26.994605,False,INITIAL_CLIMB
35.479994,118,27.00901,False,INITIAL_CLIMB
23.035538,101,27.020475,False,INITIAL_CLIMB
30.160282,109,27.033347,False,INITIAL_CLIMB
32.51511,112,27.046333,False,INITIAL_CLIMB
17.652337,92,27.056737,False,INITIAL_CLIMB
23.824401,106,27.069196,False,INITIAL_CLIMB
18.951819,97,27.080521,False,INITIAL_CLIMB
30.460572,108,27.092843,False,INITIAL_CLIMB
11.946553,82,27.102069,False,INITIAL_CLIMB
57.625217,156,27.11961,False,INITIAL_CLIMB
22.325706,106,27.131501,False,INITIAL_CLIMB
24.800712,105,27.14337,False,INITIAL_CLIMB
25.056219,107,27.155312,False,INITIAL_CLIMB
44.954236,130,27.170482,False,INITIAL_CLIMB
25.423702,107,27.182757,False,INITIAL_CLIMB
15.89369,84,27.192369,False,INITIAL_CLIMB
22.222203,97,27.203279,False,INITIAL_CLIMB
9.035888,83,27.212567,False,INITIAL_CLIMB
13.061927,90,27.444305,False,INITIAL_CLIMB
56.78642,160,27.462682,False,INITIAL_CLIMB
11.066749,96,27.47372,False,INITIAL_CLIMB
14.375736,90,27.484088,False,INITIAL_CLIMB
10.70339,81,27.493484,False,INITIAL_CLIMB
19.340423,96,27.504392,False,INITIAL_CLIMB
14.489242,102,27.516448,False,INITIAL_CLIMB
18.32664,90,27.527363,False,INITIAL_CLIMB
58.841194,160,27.54639,False,INITIAL_CLIMB
49.911332,127,27.561582,False,INITIAL_CLIMB
42.964494,133,27.577214,False,INITIAL_CLIMB
34.035921,109,27.589793,False,INITIAL_CLIMB
60.791751,149,27.60771,False,INITIAL_CLIMB
21.303511,94,27.618653,False,INITIAL_CLIMB
14.572387,91,27.629218,False,INITIAL_CLIMB
34.104628,133,27.644678,False,INITIAL_CLIMB
17.322538,92,27.655199,False,INITIAL_CLIMB
18.813985,96,27.66673,False,INITIAL_CLIMB
35.889087,105,27.679239,False,INITIAL_CLIMB
